date,market,symbol,name,asset_type,open_price,high_price,low_price,close_price,previous_close,change_pct,volume,turnover,quote_time,source_provider,source_updated_at
2026-07-08,A股,000333,美的集团,stock,78.75,79.96,78.33,79.41,79.12,0.3665,31545922.0,2505012479.57,2026-07-08 16:29:45,sina,2026-07-08T21:24:04
2026-07-08,A股,000977,浪潮信息,stock,78.17,78.17,78.17,78.17,71.06,10.0056,40847014.0,3193011084.38,2026-07-08 16:29:30,sina,2026-07-08T21:24:04
2026-07-08,A股,002371,北方华创,stock,806.39,830.02,768.0,802.32,806.39,-0.5047,14807528.0,11840891128.66,2026-07-08 16:29:15,sina,2026-07-08T21:24:04
2026-07-08,A股,002463,沪电股份,stock,131.0,132.5,125.13,128.2,129.72,-1.1718,45616189.0,5901305052.32,2026-07-08 16:29:45,sina,2026-07-08T21:24:04
2026-07-08,A股,002594,比亚迪,stock,86.01,88.34,85.28,87.8,86.26,1.7853,40380908.0,3527472657.03,2026-07-08 16:29:00,sina,2026-07-08T21:24:04
2026-07-08,A股,300059,东方财富,stock,20.21,20.75,20.06,20.13,20.29,-0.7886,288191605.0,5865562679.95,2026-07-08 16:29:15,sina,2026-07-08T21:24:04
2026-07-08,A股,300274,阳光电源,stock,127.0,130.13,124.01,124.49,127.53,-2.3838,41308631.0,5189824826.09,2026-07-08 16:29:45,sina,2026-07-08T21:24:04
2026-07-08,A股,300308,中际旭创,stock,1134.8,1179.3,1114.56,1128.35,1121.9,0.5749,31732800.0,36323448241.25,2026-07-08 16:29:30,sina,2026-07-08T21:24:04
2026-07-08,A股,300502,新易盛,stock,515.0,533.38,498.13,510.84,510.1,0.1451,44527631.0,23032919119.39,2026-07-08 16:29:00,sina,2026-07-08T21:24:04
2026-07-08,A股,300750,宁德时代,stock,374.0,376.68,361.0,361.0,372.49,-3.0846,27051874.0,9902742689.32,2026-07-08 16:29:00,sina,2026-07-08T21:24:04
2026-07-08,A股,600030,中信证券,stock,28.29,28.55,27.98,28.0,28.45,-1.5817,135465073.0,3823541520.0,2026-07-08 15:34:59,sina,2026-07-08T21:24:04
2026-07-08,A股,600036,招商银行,stock,37.36,37.97,37.15,37.94,37.55,1.0386,76713452.0,2899053623.0,2026-07-08 15:34:59,sina,2026-07-08T21:24:04
2026-07-08,A股,600519,贵州茅台,stock,1188.77,1200.98,1177.0,1199.3,1188.8,0.8832,2577602.0,3071933498.0,2026-07-08 15:34:59,sina,2026-07-08T21:24:04
2026-07-08,A股,600941,中国移动,stock,88.4,90.04,87.9,89.95,88.42,1.7304,9440440.0,843508619.0,2026-07-08 15:34:59,sina,2026-07-08T21:24:04
2026-07-08,A股,601138,工业富联,stock,65.0,67.57,64.32,66.01,63.78,3.4964,180377105.0,11892708830.0,2026-07-08 15:34:59,sina,2026-07-08T21:24:04
2026-07-08,A股,601318,中国平安,stock,49.36,49.8,48.96,49.54,49.29,0.5072,54099529.0,2678589604.0,2026-07-08 15:34:59,sina,2026-07-08T21:24:04
2026-07-08,A股,601899,紫金矿业,stock,27.12,28.03,26.8,27.36,27.62,-0.9413,196981818.0,5419862358.0,2026-07-08 15:34:59,sina,2026-07-08T21:24:04
2026-07-08,A股,603019,中科曙光,stock,97.88,101.15,95.39,98.15,93.5,4.9733,120597192.0,11901041423.0,2026-07-08 15:34:59,sina,2026-07-08T21:24:04
2026-07-08,A股,603501,豪威集团,stock,99.85,103.48,97.01,100.95,99.46,1.4981,34150915.0,3432906016.0,2026-07-08 15:34:59,sina,2026-07-08T21:24:04
2026-07-08,A股,688041,海光信息,stock,349.0,359.04,342.01,343.0,342.6,0.1168,30295791.0,10588825918.0,2026-07-08 15:34:59,sina,2026-07-08T21:24:04
2026-07-08,A股,688256,寒武纪,stock,1423.0,1479.31,1400.01,1413.55,1388.0,1.8408,11717727.0,16775188064.0,2026-07-08 15:34:59,sina,2026-07-08T21:24:04
2026-07-08,A股,688981,中芯国际,stock,148.0,156.98,142.6,152.1,145.42,4.5936,100025303.0,15091486397.0,2026-07-08 15:34:59,sina,2026-07-08T21:24:04
2026-07-08,美股,AAPL,Apple Inc.,stock,311.6600036621094,314.81,307.052,313.39,310.66,0.8788,38466049.0,12054875096.11,2026-07-08T20:00:00+00:00,yahoo_chart,2026-07-08T21:24:04
2026-07-08,美股,AMAT,"Applied Materials, Inc.",stock,547.0999755859375,578.14,546.18,570.5,554.5,2.8855,7481392.0,4268134136.0,2026-07-08T20:00:01+00:00,yahoo_chart,2026-07-08T21:24:04
2026-07-08,美股,AMD,"Advanced Micro Devices, Inc.",stock,504.80499267578125,522.98,498.15,517.405,516.11,0.2509,22824431.0,11809474721.56,2026-07-08T20:00:01+00:00,yahoo_chart,2026-07-08T21:24:04
2026-07-08,美股,AMZN,"Amazon.com, Inc.",stock,244.13999938964844,244.8,240.52,243.62,245.98,-0.9594,27799758.0,6772577043.96,2026-07-08T20:00:00+00:00,yahoo_chart,2026-07-08T21:24:04
2026-07-08,美股,ASML,ASML Holding N.V.,stock,1732.3399658203125,1780.66,1729.4,1768.65,1747.28,1.223,1374339.0,2430724672.35,2026-07-08T20:00:01+00:00,yahoo_chart,2026-07-08T21:24:04
2026-07-08,美股,AVGO,Broadcom Inc.,stock,377.3450012207031,395.09,376.89,388.69,370.78,4.8304,28744548.0,11172718362.12,2026-07-08T20:00:01+00:00,yahoo_chart,2026-07-08T21:24:04
2026-07-08,美股,CRM,"Salesforce, Inc.",stock,167.3699951171875,167.52,164.78,166.58,169.52,-1.7343,6415863.0,1068754458.54,2026-07-08T20:00:03+00:00,yahoo_chart,2026-07-08T21:24:04
2026-07-08,美股,GOOGL,Alphabet Inc.,stock,365.052490234375,367.82,358.02,361.92,367.03,-1.3923,21880821.0,7919106736.32,2026-07-08T20:00:01+00:00,yahoo_chart,2026-07-08T21:24:04
2026-07-08,美股,INTC,Intel Corporation,stock,108.27999877929688,110.49,104.41,110.24,110.39,-0.1359,103494333.0,11409215269.92,2026-07-08T20:00:01+00:00,yahoo_chart,2026-07-08T21:24:04
2026-07-08,美股,KLAC,KLA Corporation,stock,215.8000030517578,223.4,214.3,221.18,216.47,2.1758,12457852.0,2755427705.36,2026-07-08T20:00:01+00:00,yahoo_chart,2026-07-08T21:24:04
2026-07-08,美股,LRCX,Lam Research Corporation,stock,325.4700012207031,337.5,322.72,333.15,326.13,2.1525,7897186.0,2630947515.9,2026-07-08T20:00:01+00:00,yahoo_chart,2026-07-08T21:24:04
2026-07-08,美股,META,"Meta Platforms, Inc.",stock,614.385009765625,616.0,598.01,603.12,615.58,-2.0241,13291122.0,8016141500.64,2026-07-08T20:00:00+00:00,yahoo_chart,2026-07-08T21:24:04
2026-07-08,美股,MSFT,Microsoft Corporation,stock,384.07501220703125,385.29,381.33,383.34,388.84,-1.4145,24764264.0,9493132961.76,2026-07-08T20:00:01+00:00,yahoo_chart,2026-07-08T21:24:04
2026-07-08,美股,MU,"Micron Technology, Inc.",stock,902.4000244140625,959.0,900.42,948.8,938.38,1.1104,40550345.0,38474167336.0,2026-07-08T20:00:01+00:00,yahoo_chart,2026-07-08T21:24:04
2026-07-08,美股,NVDA,NVIDIA Corporation,stock,195.1300048828125,205.15,195.105,204.12,196.93,3.651,145806099.0,29761940927.88,2026-07-08T20:00:00+00:00,yahoo_chart,2026-07-08T21:24:04
2026-07-08,美股,ORCL,Oracle Corporation,stock,139.05499267578125,141.84,137.545,140.49,141.6,-0.7839,33564540.0,4715482224.6,2026-07-08T20:05:00+00:00,yahoo_chart,2026-07-08T21:24:04
2026-07-08,美股,PLTR,Palantir Technologies Inc.,stock,129.63499450683594,132.39,126.717,132.22,134.37,-1.6001,38838343.0,5135205711.46,2026-07-08T20:00:00+00:00,yahoo_chart,2026-07-08T21:24:04
2026-07-08,美股,TSLA,"Tesla, Inc.",stock,399.375,399.63,390.51,394.06,402.9,-2.1941,33241905.0,13099305084.3,2026-07-08T20:00:01+00:00,yahoo_chart,2026-07-08T21:24:04
2026-07-08,美股,TSM,Taiwan Semiconductor Manufacturing Company Limited,stock,429.0,440.49,428.75,436.98,432.57,1.0195,10277039.0,4490860502.22,2026-07-08T20:00:02+00:00,yahoo_chart,2026-07-08T21:24:04
2026-07-10,美股,AAPL,Apple Inc.,stock,314.7200012207031,316.91,312.17,315.32,316.22,-0.2846,34132321.0,10762603457.72,2026-07-10T20:00:01+00:00,yahoo_chart,2026-07-13T08:15:36
2026-07-10,美股,AMAT,"Applied Materials, Inc.",stock,577.905029296875,609.22,573.8,602.5,588.66,2.3511,6279311.0,3783284877.5,2026-07-10T20:00:01+00:00,yahoo_chart,2026-07-13T08:15:36
2026-07-10,美股,AMD,"Advanced Micro Devices, Inc.",stock,542.7000122070312,560.25,540.05,557.89,546.72003,2.0431,20704530.0,11550850241.7,2026-07-10T20:00:01+00:00,yahoo_chart,2026-07-13T08:15:36
2026-07-10,美股,AMZN,"Amazon.com, Inc.",stock,249.63999938964844,251.03,244.41,245.34,247.04,-0.6881,31653997.0,7765991623.98,2026-07-10T20:00:01+00:00,yahoo_chart,2026-07-13T08:15:36
2026-07-10,美股,ASML,ASML Holding N.V.,stock,1782.239990234375,1815.18,1766.66,1797.32,1804.25,-0.3841,1218431.0,2189910404.92,2026-07-10T20:00:01+00:00,yahoo_chart,2026-07-13T08:15:36
2026-07-10,美股,AVGO,Broadcom Inc.,stock,398.5,402.44,395.7,399.97,401.11002,-0.2842,14595928.0,5837933322.16,2026-07-10T20:00:01+00:00,yahoo_chart,2026-07-13T08:15:36
2026-07-10,美股,CRM,"Salesforce, Inc.",stock,165.60000610351562,166.18,162.46,163.32,162.5,0.5046,8293110.0,1354430725.2,2026-07-10T20:00:02+00:00,yahoo_chart,2026-07-13T08:15:36
2026-07-10,美股,GOOGL,Alphabet Inc.,stock,357.5249938964844,357.82,352.75,357.18,358.88998,-0.4765,18146146.0,6481440428.28,2026-07-10T20:00:00+00:00,yahoo_chart,2026-07-13T08:15:36
2026-07-10,美股,INTC,Intel Corporation,stock,109.57499694824219,110.85,107.45,109.84,112.53999,-2.3991,70846601.0,7781790653.84,2026-07-10T20:00:01+00:00,yahoo_chart,2026-07-13T08:15:36
2026-07-10,美股,KLAC,KLA Corporation,stock,224.8300018310547,232.1,222.13,231.52,229.492,0.8837,7447781.0,1724310257.12,2026-07-10T20:00:01+00:00,yahoo_chart,2026-07-13T08:15:36
2026-07-10,美股,LRCX,Lam Research Corporation,stock,341.3599853515625,354.73,338.1319,350.33,353.16998,-0.8041,6890932.0,2414100207.56,2026-07-10T20:00:01+00:00,yahoo_chart,2026-07-13T08:15:36
2026-07-10,美股,META,"Meta Platforms, Inc.",stock,660.3350219726562,677.85,658.01,669.21,631.48004,5.9748,40608860.0,27175855200.6,2026-07-10T20:00:01+00:00,yahoo_chart,2026-07-13T08:15:36
2026-07-10,美股,MSFT,Microsoft Corporation,stock,387.79998779296875,391.875,381.5,385.1,384.36002,0.1925,24644605.0,9490637385.5,2026-07-10T20:00:00+00:00,yahoo_chart,2026-07-13T08:15:36
2026-07-10,美股,MU,"Micron Technology, Inc.",stock,965.0800170898438,998.0,954.13,979.3,991.64,-1.2444,31768093.0,31110493474.9,2026-07-10T20:00:01+00:00,yahoo_chart,2026-07-13T08:15:36
2026-07-10,美股,NVDA,NVIDIA Corporation,stock,201.9199981689453,211.0,201.92,210.96,202.78,4.0339,148421001.0,31310894370.96,2026-07-10T20:00:00+00:00,yahoo_chart,2026-07-13T08:15:36
2026-07-10,美股,ORCL,Oracle Corporation,stock,145.64999389648438,145.595,139.26,140.64,143.72,-2.1431,26601250.0,3741199800.0,2026-07-10T20:03:57+00:00,yahoo_chart,2026-07-13T08:15:36
2026-07-10,美股,PLTR,Palantir Technologies Inc.,stock,132.13999938964844,132.27,125.77,126.79,129.04001,-1.7437,31162959.0,3951151571.61,2026-07-10T20:00:00+00:00,yahoo_chart,2026-07-13T08:15:36
2026-07-10,美股,TSLA,"Tesla, Inc.",stock,410.489990234375,413.16,402.8101,407.76,406.55002,0.2976,33409995.0,13623259561.2,2026-07-10T20:00:00+00:00,yahoo_chart,2026-07-13T08:15:36
2026-07-10,美股,TSM,Taiwan Semiconductor Manufacturing Company Limited,stock,438.6650085449219,439.655,428.1,434.11,436.96,-0.6522,9558426.0,4149408310.86,2026-07-10T20:00:02+00:00,yahoo_chart,2026-07-13T08:15:36
2026-07-13,A股,000333,美的集团,stock,78.5,80.67,78.42,80.4,78.99,1.785,47041628.0,3769459400.78,2026-07-13 15:15:00,sina,2026-07-15T22:46:11
2026-07-13,A股,000977,浪潮信息,stock,91.0,92.21,83.8,85.49,89.52,-4.5018,168585956.0,14755516805.21,2026-07-13 15:15:00,sina,2026-07-15T22:46:11
2026-07-13,A股,002371,北方华创,stock,795.61,813.7,755.0,764.3,801.0,-4.5818,16314186.0,12784581134.16,2026-07-13 15:14:00,sina,2026-07-15T22:46:11
2026-07-13,A股,002463,沪电股份,stock,127.7,132.0,123.12,124.66,129.44,-3.6928,52716686.0,6719189798.92,2026-07-13 15:15:00,sina,2026-07-15T22:46:11
2026-07-13,A股,002594,比亚迪,stock,89.0,89.0,86.78,86.98,90.0,-3.3556,42458495.0,3714908441.87,2026-07-13 15:15:00,sina,2026-07-15T22:46:11
2026-07-13,A股,300059,东方财富,stock,20.03,20.32,19.62,19.84,20.19,-1.7335,328386783.0,6558881438.57,2026-07-13 15:15:00,sina,2026-07-15T22:46:11
2026-07-13,A股,300274,阳光电源,stock,112.54,114.05,106.8,108.0,114.79,-5.9151,74568297.0,8168368808.04,2026-07-13 15:15:00,sina,2026-07-15T22:46:11
2026-07-13,A股,300308,中际旭创,stock,1100.01,1148.48,1076.8,1108.0,1093.98,1.2816,34452091.0,38390820847.98,2026-07-13 15:15:00,sina,2026-07-15T22:46:11
2026-07-13,A股,300502,新易盛,stock,518.0,541.74,502.88,512.5,523.05,-2.017,41130487.0,21387137627.47,2026-07-13 15:15:00,sina,2026-07-15T22:46:11
2026-07-13,A股,300750,宁德时代,stock,349.0,362.0,348.0,359.06,348.76,2.9533,46290681.0,16540015163.16,2026-07-13 15:15:00,sina,2026-07-15T22:46:11
2026-07-13,A股,600030,中信证券,stock,28.38,28.49,27.93,28.12,28.4,-0.9859,159038431.0,4482410728.0,2026-07-13 15:15:12,sina,2026-07-15T22:46:11
2026-07-13,A股,600036,招商银行,stock,36.81,37.4,36.71,37.25,36.88,1.0033,93308476.0,3469591941.0,2026-07-13 15:15:12,sina,2026-07-15T22:46:11
2026-07-13,A股,600519,贵州茅台,stock,1197.12,1215.0,1190.19,1210.99,1204.98,0.4988,4198257.0,5056689558.0,2026-07-13 15:15:12,sina,2026-07-15T22:46:11
2026-07-13,A股,600941,中国移动,stock,89.6,91.53,89.41,91.43,89.98,1.6115,10608523.0,962005538.0,2026-07-13 15:15:12,sina,2026-07-15T22:46:11
2026-07-13,A股,601138,工业富联,stock,65.3,66.16,62.5,63.08,66.27,-4.8136,126413447.0,8102096295.0,2026-07-13 15:15:12,sina,2026-07-15T22:46:11
2026-07-13,A股,601318,中国平安,stock,49.36,49.73,49.11,49.53,49.48,0.1011,71652351.0,3539328300.0,2026-07-13 15:15:12,sina,2026-07-15T22:46:11
2026-07-13,A股,601899,紫金矿业,stock,27.23,27.63,26.74,27.36,27.72,-1.2987,213023840.0,5804744893.0,2026-07-13 15:15:12,sina,2026-07-15T22:46:11
2026-07-13,A股,603019,中科曙光,stock,110.0,113.0,103.0,106.13,107.5,-1.2744,123798266.0,13373549456.0,2026-07-13 15:15:12,sina,2026-07-15T22:46:11
2026-07-13,A股,603501,豪威集团,stock,103.21,107.53,101.0,102.49,103.21,-0.6976,34783250.0,3629731877.0,2026-07-13 15:15:12,sina,2026-07-15T22:46:11
2026-07-13,A股,688041,海光信息,stock,347.0,370.3,339.1,345.0,353.0,-2.2663,36402947.0,12969860136.0,2026-07-13 15:15:12,sina,2026-07-15T22:46:11
2026-07-13,A股,688256,寒武纪,stock,1421.4,1504.96,1363.0,1390.0,1400.0,-0.7143,16476372.0,23601713850.0,2026-07-13 15:15:12,sina,2026-07-15T22:46:11
2026-07-13,A股,688981,中芯国际,stock,160.01,172.44,160.01,163.58,163.02,0.3435,108133330.0,17953925596.0,2026-07-13 15:15:12,sina,2026-07-15T22:46:11
2026-07-13,美股,AAPL,Apple Inc.,stock,317.0150146484375,323.45,315.78,317.02,315.32,0.5391,28205354.0,8941661325.08,2026-07-13T19:00:54+00:00,yahoo_chart,2026-07-13T20:01:02
2026-07-13,美股,AMAT,"Applied Materials, Inc.",stock,581.4340209960938,590.02,568.154,573.03,602.5,-4.8913,3599779.0,2062781360.37,2026-07-13T19:00:49+00:00,yahoo_chart,2026-07-13T20:01:02
2026-07-13,美股,AMD,"Advanced Micro Devices, Inc.",stock,537.5700073242188,551.87,526.97,535.63,557.89,-3.99,15813739.0,8470313020.57,2026-07-13T19:00:42+00:00,yahoo_chart,2026-07-13T20:01:02
2026-07-13,美股,AMZN,"Amazon.com, Inc.",stock,244.25999450683594,249.65,244.23,248.5,245.34,1.288,21875256.0,5436001116.0,2026-07-13T19:00:52+00:00,yahoo_chart,2026-07-13T20:01:02
2026-07-13,美股,ASML,ASML Holding N.V.,stock,1772.56005859375,1775.79,1724.41,1728.03,1797.32,-3.8552,968755.0,1674037702.65,2026-07-13T19:00:46+00:00,yahoo_chart,2026-07-13T20:01:02
2026-07-13,美股,AVGO,Broadcom Inc.,stock,393.4750061035156,395.745,385.13,385.28,399.97,-3.6728,9463081.0,3645935847.68,2026-07-13T19:00:43+00:00,yahoo_chart,2026-07-13T20:01:02
2026-07-13,美股,CRM,"Salesforce, Inc.",stock,165.9199981689453,172.76,165.92,170.565,163.32,4.4361,8376785.0,1428786333.53,2026-07-13T19:00:56+00:00,yahoo_chart,2026-07-13T20:01:02
2026-07-13,美股,GOOGL,Alphabet Inc.,stock,356.20001220703125,358.12,354.11,354.84,357.18,-0.6551,8738365.0,3100721436.6,2026-07-13T19:00:51+00:00,yahoo_chart,2026-07-13T20:01:02
2026-07-13,美股,INTC,Intel Corporation,stock,105.95500183105469,106.17,102.21,102.38,109.84,-6.7917,65851408.0,6741867151.04,2026-07-13T19:00:46+00:00,yahoo_chart,2026-07-13T20:01:02
2026-07-13,美股,KLAC,KLA Corporation,stock,221.5500030517578,226.855,218.89,221.37,231.52,-4.3841,4323942.0,957191040.54,2026-07-13T19:00:49+00:00,yahoo_chart,2026-07-13T20:01:02
2026-07-13,美股,LRCX,Lam Research Corporation,stock,335.3756103515625,337.96,326.9,329.111,350.33,-6.0569,4644839.0,1528667608.13,2026-07-13T19:00:48+00:00,yahoo_chart,2026-07-13T20:01:02
2026-07-13,美股,META,"Meta Platforms, Inc.",stock,661.510009765625,676.62,654.2,662.37,669.21,-1.0221,12850650.0,8511885040.5,2026-07-13T19:00:52+00:00,yahoo_chart,2026-07-13T20:01:02
2026-07-13,美股,MSFT,Microsoft Corporation,stock,387.7250061035156,393.64,384.15,392.77,385.1,1.9917,17974081.0,7059679794.37,2026-07-13T19:00:50+00:00,yahoo_chart,2026-07-13T20:01:02
2026-07-13,美股,MU,"Micron Technology, Inc.",stock,928.4849853515625,943.5,902.6,929.6,979.3,-5.0751,26180623.0,24337507140.8,2026-07-13T19:00:46+00:00,yahoo_chart,2026-07-13T20:01:02
2026-07-13,美股,NVDA,NVIDIA Corporation,stock,208.5399932861328,210.57,203.35,203.68,210.96,-3.4509,80361737.0,16368078592.16,2026-07-13T19:00:43+00:00,yahoo_chart,2026-07-13T20:01:02
2026-07-13,美股,ORCL,Oracle Corporation,stock,139.02999877929688,139.64,132.09,133.17,140.64,-5.3114,39783644.0,5297987871.48,2026-07-13T19:00:55+00:00,yahoo_chart,2026-07-13T20:01:02
2026-07-13,美股,PLTR,Palantir Technologies Inc.,stock,127.39900207519531,130.72,126.195,129.675,126.79,2.2754,26800401.0,3475341999.68,2026-07-13T19:00:56+00:00,yahoo_chart,2026-07-13T20:01:02
2026-07-13,美股,TSLA,"Tesla, Inc.",stock,404.6099853515625,405.4,392.13,392.21,407.76,-3.8135,24252171.0,9511943987.91,2026-07-13T19:00:54+00:00,yahoo_chart,2026-07-13T20:01:02
2026-07-13,美股,TSM,Taiwan Semiconductor Manufacturing Company Limited,stock,433.82000732421875,437.99,422.2,422.94,434.11,-2.5731,9226892.0,3902421702.48,2026-07-13T19:00:47+00:00,yahoo_chart,2026-07-13T20:01:02
2026-07-14,美股,AAPL,Apple Inc.,stock,313.6400146484375,316.19,311.91,314.86,317.31,-0.7721,36202131.0,11398602966.66,2026-07-14T20:00:01+00:00,yahoo_chart,2026-07-14T22:46:07
2026-07-14,美股,AMAT,"Applied Materials, Inc.",stock,614.135009765625,614.135,584.0,595.7,575.39,3.5298,6406311.0,3816239462.7,2026-07-14T20:00:01+00:00,yahoo_chart,2026-07-14T22:46:07
2026-07-14,美股,AMD,"Advanced Micro Devices, Inc.",stock,567.7369995117188,574.2,546.77,548.13,534.39,2.5712,21085850.0,11557786960.5,2026-07-14T20:00:01+00:00,yahoo_chart,2026-07-14T22:46:07
2026-07-14,美股,AMZN,"Amazon.com, Inc.",stock,245.52999877929688,248.56,243.8,247.49,247.31,0.0728,29883823.0,7395947354.27,2026-07-14T20:00:01+00:00,yahoo_chart,2026-07-14T22:46:07
2026-07-14,美股,ASML,ASML Holding N.V.,stock,1787.4449462890625,1798.27,1749.86,1775.64,1726.04,2.8736,2445820.0,4342895824.8,2026-07-14T20:00:01+00:00,yahoo_chart,2026-07-14T22:46:07
2026-07-14,美股,AVGO,Broadcom Inc.,stock,395.6050109863281,397.33,384.64,389.11,384.05,1.3175,19949796.0,7762665121.56,2026-07-14T20:00:01+00:00,yahoo_chart,2026-07-14T22:46:07
2026-07-14,美股,CRM,"Salesforce, Inc.",stock,162.49000549316406,171.35,161.47,167.56,171.22,-2.1376,11979855.0,2007344503.8,2026-07-14T20:00:02+00:00,yahoo_chart,2026-07-14T22:46:07
2026-07-14,美股,GOOGL,Alphabet Inc.,stock,351.0899963378906,360.16,351.09,359.51,352.51,1.9858,18165860.0,6530808328.6,2026-07-14T20:00:01+00:00,yahoo_chart,2026-07-14T22:46:07
2026-07-14,美股,INTC,Intel Corporation,stock,107.95999908447266,109.19,103.59,107.76,103.12,4.4996,90744188.0,9778593698.88,2026-07-14T20:00:01+00:00,yahoo_chart,2026-07-14T22:46:07
2026-07-14,美股,KLAC,KLA Corporation,stock,237.72000122070312,237.72,226.29,230.37,222.25,3.6535,8778581.0,2022321704.97,2026-07-14T20:00:01+00:00,yahoo_chart,2026-07-14T22:46:07
2026-07-14,美股,LRCX,Lam Research Corporation,stock,354.6600036621094,354.66,338.875,346.1,329.92,4.9042,9086791.0,3144938365.1,2026-07-14T20:00:00+00:00,yahoo_chart,2026-07-14T22:46:07
2026-07-14,美股,META,"Meta Platforms, Inc.",stock,652.0,666.5,649.05,661.04,656.73,0.6563,13244016.0,8754824336.64,2026-07-14T20:00:01+00:00,yahoo_chart,2026-07-14T22:46:07
2026-07-14,美股,MSFT,Microsoft Corporation,stock,382.5050048828125,388.19,378.65,384.93,390.99,-1.5499,27741653.0,10678594489.29,2026-07-14T20:00:01+00:00,yahoo_chart,2026-07-14T22:46:07
2026-07-14,美股,MU,"Micron Technology, Inc.",stock,987.9500122070312,994.8,950.07,983.12,937.0,4.9221,30470097.0,29955761762.64,2026-07-14T20:00:01+00:00,yahoo_chart,2026-07-14T22:46:07
2026-07-14,美股,NVDA,NVIDIA Corporation,stock,208.1999969482422,212.54,203.8,211.8,203.5284,4.0641,118014431.0,24995456485.8,2026-07-14T20:00:00+00:00,yahoo_chart,2026-07-14T22:46:07
2026-07-14,美股,ORCL,Oracle Corporation,stock,132.0,132.75,127.83,127.94,131.54,-2.7368,45418183.0,5810802333.02,2026-07-14T20:05:23+00:00,yahoo_chart,2026-07-14T22:46:07
2026-07-14,美股,PLTR,Palantir Technologies Inc.,stock,123.61199951171875,135.79,122.64,133.72,130.04,2.8299,49516261.0,6621314420.92,2026-07-14T20:00:00+00:00,yahoo_chart,2026-07-14T22:46:07
2026-07-14,美股,TSLA,"Tesla, Inc.",stock,399.1000061035156,402.22,394.76,396.18,394.76,0.3597,22670942.0,8981773801.56,2026-07-14T20:00:00+00:00,yahoo_chart,2026-07-14T22:46:07
2026-07-14,美股,TSM,Taiwan Semiconductor Manufacturing Company Limited,stock,430.8699951171875,430.87,418.86,420.39,421.58,-0.2823,14192635.0,5966441827.65,2026-07-14T20:00:02+00:00,yahoo_chart,2026-07-14T22:46:07
2026-07-15,美股,AAPL,Apple Inc.,stock,317.625,328.72,317.32,327.5,314.86,4.0145,60780931.0,19905754902.5,2026-07-15T20:00:00+00:00,yahoo_chart,2026-07-16T08:46:00
2026-07-15,美股,AMAT,"Applied Materials, Inc.",stock,610.375,611.72,557.16,579.43,595.7,-2.7312,8149547.0,4722092018.21,2026-07-15T20:00:00+00:00,yahoo_chart,2026-07-16T08:46:00
2026-07-15,美股,AMD,"Advanced Micro Devices, Inc.",stock,556.02001953125,558.81,509.57,529.14,548.13,-3.4645,27727468.0,14671712417.52,2026-07-15T20:00:00+00:00,yahoo_chart,2026-07-16T08:46:00
2026-07-15,美股,AMZN,"Amazon.com, Inc.",stock,249.97000122070312,256.48,249.92,254.96,247.49,3.0183,42296511.0,10783918444.56,2026-07-15T20:00:01+00:00,yahoo_chart,2026-07-16T08:46:00
2026-07-15,美股,ASML,ASML Holding N.V.,stock,1825.0,1830.0,1735.65,1815.27,1775.64,2.2319,4153139.0,7539068632.53,2026-07-15T20:00:00+00:00,yahoo_chart,2026-07-16T08:46:00
2026-07-15,美股,AVGO,Broadcom Inc.,stock,396.05999755859375,399.0,386.74,394.28,389.11,1.3287,16167483.0,6374515197.24,2026-07-15T20:00:01+00:00,yahoo_chart,2026-07-16T08:46:00
2026-07-15,美股,CRM,"Salesforce, Inc.",stock,170.52000427246094,172.79,166.56,167.0,167.56,-0.3342,13314476.0,2223517492.0,2026-07-15T20:00:02+00:00,yahoo_chart,2026-07-16T08:46:00
2026-07-15,美股,GOOGL,Alphabet Inc.,stock,358.1499938964844,373.65,357.76,370.92,359.51,3.1738,28115784.0,10428706601.28,2026-07-15T20:00:01+00:00,yahoo_chart,2026-07-16T08:46:00
2026-07-15,美股,INTC,Intel Corporation,stock,109.30000305175781,109.49,99.2,102.99,107.76,-4.4265,119660956.0,12323881858.44,2026-07-15T20:00:00+00:00,yahoo_chart,2026-07-16T08:46:00
2026-07-15,美股,KLAC,KLA Corporation,stock,235.9600067138672,236.54,216.47,224.5,230.37,-2.5481,10355414.0,2324790443.0,2026-07-15T20:00:01+00:00,yahoo_chart,2026-07-16T08:46:00
2026-07-15,美股,LRCX,Lam Research Corporation,stock,352.1199951171875,356.28,319.8,335.43,346.1,-3.0829,10243704.0,3436045632.72,2026-07-15T20:00:01+00:00,yahoo_chart,2026-07-16T08:46:00
2026-07-15,美股,META,"Meta Platforms, Inc.",stock,663.5999755859375,686.08,656.66,681.31,661.04,3.0664,17731107.0,12080380510.17,2026-07-15T20:00:01+00:00,yahoo_chart,2026-07-16T08:46:00
2026-07-15,美股,MSFT,Microsoft Corporation,stock,387.79998779296875,398.96,386.4,395.63,384.93,2.7797,32663427.0,12922631624.01,2026-07-15T20:00:01+00:00,yahoo_chart,2026-07-16T08:46:00
2026-07-15,美股,MU,"Micron Technology, Inc.",stock,975.8049926757812,978.4,873.63,904.28,983.12,-8.0194,54188069.0,49001187035.32,2026-07-15T20:00:01+00:00,yahoo_chart,2026-07-16T08:46:00
2026-07-15,美股,NVDA,NVIDIA Corporation,stock,212.00999450683594,213.81,206.04,212.5,211.8,0.3305,118979465.0,25283136312.5,2026-07-15T20:00:00+00:00,yahoo_chart,2026-07-16T08:46:00
2026-07-15,美股,ORCL,Oracle Corporation,stock,130.55999755859375,133.9,128.841,132.49,127.94,3.5564,48263565.0,6394439726.85,2026-07-15T20:03:23+00:00,yahoo_chart,2026-07-16T08:46:00
2026-07-15,美股,PLTR,Palantir Technologies Inc.,stock,134.1699981689453,136.88,132.88,133.76,133.72,0.0299,25984282.0,3475657560.32,2026-07-15T20:00:00+00:00,yahoo_chart,2026-07-16T08:46:00
2026-07-15,美股,TSLA,"Tesla, Inc.",stock,399.3949890136719,406.59,390.66,394.46,396.18,-0.4341,31393664.0,12383544701.44,2026-07-15T20:00:00+00:00,yahoo_chart,2026-07-16T08:46:00
2026-07-15,美股,TSM,Taiwan Semiconductor Manufacturing Company Limited,stock,425.75,428.875,410.78,419.48,420.39,-0.2165,16826838.0,7058522004.24,2026-07-15T20:00:02+00:00,yahoo_chart,2026-07-16T08:46:00
2026-07-16,A股,000333,美的集团,stock,82.15,83.45,81.8,81.8,82.67,-1.0524,36238235.0,2982559446.26,2026-07-16 15:35:30,sina,2026-07-16T22:46:57
2026-07-16,A股,000977,浪潮信息,stock,81.3,88.58,81.3,85.0,84.7,0.3542,148017316.0,12691483551.7,2026-07-16 15:35:15,sina,2026-07-16T22:46:57
2026-07-16,A股,002371,北方华创,stock,732.96,745.65,693.7,702.76,742.66,-5.3726,13509339.0,9684632548.17,2026-07-16 15:35:00,sina,2026-07-16T22:46:57
2026-07-16,A股,002463,沪电股份,stock,133.81,142.99,133.16,136.72,137.23,-0.3716,78354277.0,10879695653.77,2026-07-16 15:35:30,sina,2026-07-16T22:46:57
2026-07-16,A股,002594,比亚迪,stock,91.74,94.76,91.15,94.14,91.76,2.5937,60720397.0,5673387681.66,2026-07-16 15:35:45,sina,2026-07-16T22:46:57
2026-07-16,A股,300059,东方财富,stock,19.95,20.1,19.71,19.82,20.14,-1.5889,261353383.0,5192459885.48,2026-07-16 15:35:00,sina,2026-07-16T22:46:57
2026-07-16,A股,300274,阳光电源,stock,108.17,112.0,104.53,105.84,108.95,-2.8545,62478680.0,6734754605.88,2026-07-16 15:35:30,sina,2026-07-16T22:46:57
2026-07-16,A股,300308,中际旭创,stock,1122.22,1163.0,1098.0,1113.0,1169.31,-4.8157,30663363.0,34474188926.12,2026-07-16 15:35:15,sina,2026-07-16T22:46:57
2026-07-16,A股,300502,新易盛,stock,530.0,558.0,526.21,542.6,556.0,-2.4101,40875345.0,22051853828.18,2026-07-16 15:35:45,sina,2026-07-16T22:46:57
2026-07-16,A股,300750,宁德时代,stock,369.48,375.02,364.5,366.2,373.0,-1.8231,25186882.0,9290699880.4,2026-07-16 15:35:45,sina,2026-07-16T22:46:57
2026-07-16,A股,600030,中信证券,stock,28.34,28.44,27.99,28.1,28.6,-1.7483,138492702.0,3898053451.0,2026-07-16 15:34:59,sina,2026-07-16T22:46:57
2026-07-16,A股,600036,招商银行,stock,37.7,38.12,37.5,37.67,37.76,-0.2383,76689870.0,2894610320.0,2026-07-16 15:34:59,sina,2026-07-16T22:46:57
2026-07-16,A股,600519,贵州茅台,stock,1252.0,1267.97,1245.05,1258.99,1251.06,0.6339,4761114.0,5987570858.0,2026-07-16 15:34:59,sina,2026-07-16T22:46:57
2026-07-16,A股,600941,中国移动,stock,92.79,93.6,92.46,93.05,92.8,0.2694,9533640.0,887470274.0,2026-07-16 15:34:59,sina,2026-07-16T22:46:57
2026-07-16,A股,601138,工业富联,stock,62.35,64.94,61.46,63.02,63.62,-0.9431,98286733.0,6234675296.0,2026-07-16 15:34:59,sina,2026-07-16T22:46:57
2026-07-16,A股,601318,中国平安,stock,50.7,51.29,50.24,50.67,50.95,-0.5496,81279871.0,4120400653.0,2026-07-16 15:34:59,sina,2026-07-16T22:46:57
2026-07-16,A股,601899,紫金矿业,stock,28.82,29.59,28.79,29.25,28.83,1.4568,265438976.0,7773402449.0,2026-07-16 15:34:59,sina,2026-07-16T22:46:57
2026-07-16,A股,603019,中科曙光,stock,93.5,101.32,92.01,97.66,96.76,0.9301,85878060.0,8404779082.0,2026-07-16 15:34:59,sina,2026-07-16T22:46:57
2026-07-16,A股,603501,豪威集团,stock,108.08,113.77,108.0,109.85,111.12,-1.1429,45522722.0,5082515853.0,2026-07-16 15:34:59,sina,2026-07-16T22:46:57
2026-07-16,A股,688041,海光信息,stock,319.78,337.5,315.0,320.4,324.11,-1.1447,27996349.0,9141122237.0,2026-07-16 15:34:59,sina,2026-07-16T22:46:57
2026-07-16,A股,688256,寒武纪,stock,1305.9,1357.77,1261.0,1279.22,1347.46,-5.0643,13208718.0,17259534161.0,2026-07-16 15:34:59,sina,2026-07-16T22:46:57
2026-07-16,A股,688981,中芯国际,stock,146.0,160.47,145.99,151.8,153.64,-1.1976,84258615.0,13055294759.0,2026-07-16 15:34:59,sina,2026-07-16T22:46:57
2026-07-16,美股,AAPL,Apple Inc.,stock,328.0050048828125,334.68,326.79,333.26,327.5,1.7588,62673782.0,20886664589.32,2026-07-16T20:00:01+00:00,yahoo_chart,2026-07-17T08:46:02
2026-07-16,美股,AMAT,"Applied Materials, Inc.",stock,562.4299926757812,591.088,557.27,560.93,579.43,-3.1928,8355944.0,4687099667.92,2026-07-16T20:00:01+00:00,yahoo_chart,2026-07-17T08:46:02
2026-07-16,美股,AMD,"Advanced Micro Devices, Inc.",stock,509.3299865722656,518.74,491.8,500.94,529.14,-5.3294,26933821.0,13492228291.74,2026-07-16T20:00:01+00:00,yahoo_chart,2026-07-17T08:46:02
2026-07-16,美股,AMZN,"Amazon.com, Inc.",stock,255.38499450683594,258.082,248.0,249.89,254.96,-1.9885,44640934.0,11155322997.26,2026-07-16T20:00:01+00:00,yahoo_chart,2026-07-17T08:46:02
2026-07-16,美股,ASML,ASML Holding N.V.,stock,1797.4849853515625,1853.41,1779.12,1784.87,1815.27,-1.6747,2568853.0,4585068654.11,2026-07-16T20:00:01+00:00,yahoo_chart,2026-07-17T08:46:02
2026-07-16,美股,AVGO,Broadcom Inc.,stock,384.5350036621094,386.74,371.9,374.45,394.28,-5.0294,22216413.0,8318935847.85,2026-07-16T20:00:01+00:00,yahoo_chart,2026-07-17T08:46:02
2026-07-16,美股,CRM,"Salesforce, Inc.",stock,170.83999633789062,174.539,166.92,172.68,167.0,3.4012,8186720.0,1413682809.6,2026-07-16T20:00:03+00:00,yahoo_chart,2026-07-17T08:46:02
2026-07-16,美股,GOOGL,Alphabet Inc.,stock,373.19500732421875,375.27,352.32,354.46,370.92,-4.4376,40951931.0,14515821462.26,2026-07-16T20:00:00+00:00,yahoo_chart,2026-07-17T08:46:02
2026-07-16,美股,INTC,Intel Corporation,stock,101.12999725341797,101.88,95.48,96.98,102.99,-5.8355,105837548.0,10264125405.04,2026-07-16T20:00:01+00:00,yahoo_chart,2026-07-17T08:46:02
2026-07-16,美股,KLAC,KLA Corporation,stock,217.7550048828125,228.78,216.72,219.37,224.5,-2.2851,14751975.0,3236140755.75,2026-07-16T20:00:01+00:00,yahoo_chart,2026-07-17T08:46:02
2026-07-16,美股,LRCX,Lam Research Corporation,stock,324.9949951171875,336.68,315.16,320.96,335.43,-4.3139,10331242.0,3315915432.32,2026-07-16T20:00:01+00:00,yahoo_chart,2026-07-17T08:46:02
2026-07-16,美股,META,"Meta Platforms, Inc.",stock,678.6099853515625,681.9,660.16,664.54,681.31,-2.4614,15736700.0,10457666618.0,2026-07-16T20:00:01+00:00,yahoo_chart,2026-07-17T08:46:02
2026-07-16,美股,MSFT,Microsoft Corporation,stock,398.0799865722656,405.99,392.05,401.1,395.63,1.3826,34338326.0,13773102558.6,2026-07-16T20:00:00+00:00,yahoo_chart,2026-07-17T08:46:02
2026-07-16,美股,MU,"Micron Technology, Inc.",stock,866.375,887.71,840.51,853.2,904.28,-5.6487,45784925.0,39063698010.0,2026-07-16T20:00:01+00:00,yahoo_chart,2026-07-17T08:46:02
2026-07-16,美股,NVDA,NVIDIA Corporation,stock,210.26499938964844,211.08,205.85,207.4,212.5,-2.4,116253420.0,24110959308.0,2026-07-16T20:00:00+00:00,yahoo_chart,2026-07-17T08:46:02
2026-07-16,美股,ORCL,Oracle Corporation,stock,131.47500610351562,131.65,123.66,124.21,132.49,-6.2495,54322695.0,6747421945.95,2026-07-16T20:04:50+00:00,yahoo_chart,2026-07-17T08:46:02
2026-07-16,美股,PLTR,Palantir Technologies Inc.,stock,133.27999877929688,134.89,128.68,134.44,133.76,0.5084,28569134.0,3840834374.96,2026-07-16T20:00:00+00:00,yahoo_chart,2026-07-17T08:46:02
2026-07-16,美股,TSLA,"Tesla, Inc.",stock,392.3500061035156,395.31,385.32,391.06,394.46,-0.8619,28935215.0,11315405177.9,2026-07-16T20:00:00+00:00,yahoo_chart,2026-07-17T08:46:02
2026-07-16,美股,TSM,Taiwan Semiconductor Manufacturing Company Limited,stock,405.2900085449219,415.95,403.5,409.74,419.48,-2.3219,24793300.0,10158806742.0,2026-07-16T20:00:02+00:00,yahoo_chart,2026-07-17T08:46:02
2026-07-17,A股,000333,美的集团,stock,82.31,83.45,81.34,82.71,81.8,1.1125,46279515.0,3817607250.08,2026-07-17 15:35:30,sina,2026-07-20T07:38:50
2026-07-17,A股,000977,浪潮信息,stock,85.01,85.88,76.5,77.4,85.0,-8.9412,152228625.0,12217563043.6,2026-07-17 15:35:15,sina,2026-07-20T07:38:50
2026-07-17,A股,002371,北方华创,stock,693.3,707.78,660.01,677.0,702.76,-3.6655,16618562.0,11379353080.14,2026-07-17 15:36:00,sina,2026-07-20T07:38:50
2026-07-17,A股,002463,沪电股份,stock,134.09,136.45,123.05,127.8,136.72,-6.5243,95729852.0,12161243297.64,2026-07-17 15:35:30,sina,2026-07-20T07:38:50
2026-07-17,A股,002594,比亚迪,stock,94.14,95.95,91.9,93.47,94.14,-0.7117,68734582.0,6442145672.28,2026-07-17 15:35:45,sina,2026-07-20T07:38:50
2026-07-17,A股,300059,东方财富,stock,19.79,20.44,19.67,19.7,19.82,-0.6054,451533945.0,9039491441.74,2026-07-17 15:35:15,sina,2026-07-20T07:38:50
2026-07-17,A股,300274,阳光电源,stock,106.07,106.24,100.2,101.61,105.84,-3.9966,62204958.0,6384992787.91,2026-07-17 15:35:45,sina,2026-07-20T07:38:50
2026-07-17,A股,300308,中际旭创,stock,1057.36,1072.0,950.55,979.46,1113.0,-11.9982,56186085.0,56485631462.15,2026-07-17 15:35:30,sina,2026-07-20T07:38:50
2026-07-17,A股,300502,新易盛,stock,518.0,520.9,452.96,482.88,542.6,-11.0063,76002466.0,37485566621.4,2026-07-17 15:35:00,sina,2026-07-20T07:38:50
2026-07-17,A股,300750,宁德时代,stock,372.3,375.24,360.0,360.0,366.2,-1.6931,51245336.0,18846714585.55,2026-07-17 15:35:00,sina,2026-07-20T07:38:50
2026-07-17,A股,600030,中信证券,stock,28.0,28.27,27.6,27.6,28.1,-1.7794,170077850.0,4751646929.0,2026-07-17 15:34:59,sina,2026-07-20T07:38:50
2026-07-17,A股,600036,招商银行,stock,37.76,38.2,37.68,38.02,37.67,0.9291,115858449.0,4404072223.0,2026-07-17 15:34:59,sina,2026-07-20T07:38:50
2026-07-17,A股,600519,贵州茅台,stock,1269.01,1269.33,1238.98,1253.0,1258.99,-0.4758,5841730.0,7322732709.0,2026-07-17 15:34:59,sina,2026-07-20T07:38:50
2026-07-17,A股,600941,中国移动,stock,93.0,94.6,92.81,93.4,93.05,0.3761,16682878.0,1567074507.0,2026-07-17 15:34:59,sina,2026-07-20T07:38:50
2026-07-17,A股,601138,工业富联,stock,62.02,62.44,56.82,57.59,63.02,-8.6163,154904250.0,9200843618.0,2026-07-17 15:34:59,sina,2026-07-20T07:38:50
2026-07-17,A股,601318,中国平安,stock,50.66,51.45,50.58,50.7,50.67,0.0592,107232650.0,5464124961.0,2026-07-17 15:34:59,sina,2026-07-20T07:38:50
2026-07-17,A股,601899,紫金矿业,stock,28.65,28.82,27.92,28.36,29.25,-3.0427,290416859.0,8241056106.0,2026-07-17 15:34:59,sina,2026-07-20T07:38:50
2026-07-17,A股,603019,中科曙光,stock,96.67,98.64,87.89,87.89,97.66,-10.0041,97625989.0,8999104161.0,2026-07-17 15:34:59,sina,2026-07-20T07:38:50
2026-07-17,A股,603501,豪威集团,stock,109.03,112.48,103.33,104.12,109.85,-5.2162,48088804.0,5196279825.0,2026-07-17 15:34:59,sina,2026-07-20T07:38:50
2026-07-17,A股,688041,海光信息,stock,317.0,323.62,298.0,304.88,320.4,-4.8439,35790245.0,11054575479.0,2026-07-17 15:34:59,sina,2026-07-20T07:38:50
2026-07-17,A股,688256,寒武纪,stock,1268.0,1278.0,1156.0,1190.58,1279.22,-6.9292,16650126.0,20207709790.0,2026-07-17 15:34:59,sina,2026-07-20T07:38:50
2026-07-17,A股,688981,中芯国际,stock,150.01,155.51,139.02,139.88,151.8,-7.8524,102952043.0,15171663143.0,2026-07-17 15:34:59,sina,2026-07-20T07:38:50
2026-07-17,美股,AAPL,Apple Inc.,stock,331.9800109863281,334.98,329.0006,333.74,333.25998,0.144,63407059.0,21161471870.66,2026-07-17T20:00:01+00:00,yahoo_chart,2026-07-20T14:53:50
2026-07-17,美股,AMAT,"Applied Materials, Inc.",stock,532.4000244140625,551.18,513.22,529.66,560.93,-5.5747,10326483.0,5469524985.78,2026-07-17T20:00:01+00:00,yahoo_chart,2026-07-20T14:53:50
2026-07-17,美股,AMD,"Advanced Micro Devices, Inc.",stock,477.25,505.879,460.21,495.76,500.94,-1.0341,32115875.0,15921766190.0,2026-07-17T20:00:01+00:00,yahoo_chart,2026-07-20T14:53:50
2026-07-17,美股,AMZN,"Amazon.com, Inc.",stock,244.6999969482422,250.24,243.59,247.23,249.89,-1.0645,43572361.0,10772394810.03,2026-07-17T20:00:01+00:00,yahoo_chart,2026-07-20T14:53:50
2026-07-17,美股,ASML,ASML Holding N.V.,stock,1734.1700439453125,1790.91,1703.4,1747.58,1784.87,-2.0892,2209396.0,3861096261.68,2026-07-17T20:00:01+00:00,yahoo_chart,2026-07-20T14:53:50
2026-07-17,美股,AVGO,Broadcom Inc.,stock,366.0450134277344,377.313,357.8,370.825,374.45,-0.9681,23272208.0,8629916531.6,2026-07-17T20:00:01+00:00,yahoo_chart,2026-07-20T14:53:50
2026-07-17,美股,CRM,"Salesforce, Inc.",stock,171.5,175.43,169.75,170.77,172.68,-1.1061,7913287.0,1351352020.99,2026-07-17T20:00:03+00:00,yahoo_chart,2026-07-20T14:53:50
2026-07-17,美股,GOOGL,Alphabet Inc.,stock,345.9949951171875,348.52,341.36,346.77,354.46,-2.1695,29959283.0,10388980565.91,2026-07-17T20:00:01+00:00,yahoo_chart,2026-07-20T14:53:50
2026-07-17,美股,INTC,Intel Corporation,stock,92.07499694824219,98.05,89.59,95.04,96.98,-2.0004,126779308.0,12049105432.32,2026-07-17T20:00:01+00:00,yahoo_chart,2026-07-20T14:53:50
2026-07-17,美股,KLAC,KLA Corporation,stock,208.4499969482422,216.79,204.584,212.75,219.37,-3.0177,13061825.0,2778903268.75,2026-07-17T20:00:01+00:00,yahoo_chart,2026-07-20T14:53:50
2026-07-17,美股,LRCX,Lam Research Corporation,stock,303.8299865722656,322.07,298.65,313.3,320.96,-2.3866,12805720.0,4012032076.0,2026-07-17T20:00:01+00:00,yahoo_chart,2026-07-20T14:53:50
2026-07-17,美股,META,"Meta Platforms, Inc.",stock,647.7000122070312,652.2,626.0,646.01,664.54004,-2.7884,22267862.0,14385261530.62,2026-07-17T20:00:01+00:00,yahoo_chart,2026-07-20T14:53:50
2026-07-17,美股,MSFT,Microsoft Corporation,stock,394.8550109863281,398.39,389.39,393.82,401.1,-1.815,33049842.0,13015688776.44,2026-07-17T20:00:01+00:00,yahoo_chart,2026-07-20T14:53:50
2026-07-17,美股,MU,"Micron Technology, Inc.",stock,822.5250244140625,903.93,804.0,848.95,853.2,-0.4981,63346278.0,53777822708.1,2026-07-17T20:00:01+00:00,yahoo_chart,2026-07-20T14:53:50
2026-07-17,美股,NVDA,NVIDIA Corporation,stock,202.39999389648438,206.645,197.97,202.81,207.4,-2.2131,144281910.0,29261814167.1,2026-07-17T20:00:01+00:00,yahoo_chart,2026-07-20T14:53:50
2026-07-17,美股,ORCL,Oracle Corporation,stock,121.69999694824219,128.43,121.5,126.41,124.21,1.7712,33592043.0,4246370155.63,2026-07-17T20:05:03+00:00,yahoo_chart,2026-07-20T14:53:50
2026-07-17,美股,PLTR,Palantir Technologies Inc.,stock,131.80499267578125,134.77,129.05,132.38,134.44,-1.5323,31875064.0,4219620972.32,2026-07-17T20:00:00+00:00,yahoo_chart,2026-07-20T14:53:50
2026-07-17,美股,TSLA,"Tesla, Inc.",stock,381.7799987792969,385.69,377.22,380.84,391.06,-2.6134,31394594.0,11956317178.96,2026-07-17T20:00:00+00:00,yahoo_chart,2026-07-20T14:53:50
2026-07-17,美股,TSM,Taiwan Semiconductor Manufacturing Company Limited,stock,392.1199951171875,404.7,386.034,398.37,409.74,-2.7749,20866543.0,8312604734.91,2026-07-17T20:00:02+00:00,yahoo_chart,2026-07-20T14:53:50
2026-07-20,A股,000333,美的集团,stock,81.23,84.5,81.11,84.3,82.71,1.9224,54704808.0,4571947510.88,2026-07-20 15:35:30,sina,2026-07-23T15:18:44
2026-07-20,A股,000977,浪潮信息,stock,82.02,85.14,78.52,81.29,77.4,5.0258,171314722.0,14116566420.38,2026-07-20 15:35:15,sina,2026-07-23T15:18:44
2026-07-20,A股,002371,北方华创,stock,704.0,716.66,659.1,676.91,677.0,-0.0133,17483200.0,12040705471.24,2026-07-20 15:36:00,sina,2026-07-23T15:18:44
2026-07-20,A股,002463,沪电股份,stock,130.35,131.48,115.02,115.02,127.8,-10.0,87426039.0,10440701013.63,2026-07-20 15:35:30,sina,2026-07-23T15:18:44
2026-07-20,A股,002594,比亚迪,stock,93.49,95.28,92.77,93.92,93.47,0.4814,43989030.0,4119522142.59,2026-07-20 15:35:45,sina,2026-07-23T15:18:44
2026-07-20,A股,300059,东方财富,stock,19.8,20.43,19.8,20.18,19.7,2.4365,383137770.0,7700009644.57,2026-07-20 15:35:45,sina,2026-07-23T15:18:44
2026-07-20,A股,300274,阳光电源,stock,102.0,105.49,99.77,101.77,101.61,0.1575,65928400.0,6773216065.5,2026-07-20 15:35:15,sina,2026-07-23T15:18:44
2026-07-20,A股,300308,中际旭创,stock,1028.43,1057.77,967.68,1004.0,979.46,2.5055,45366520.0,46094376323.78,2026-07-20 15:35:00,sina,2026-07-23T15:18:44
2026-07-20,A股,300502,新易盛,stock,512.0,523.96,481.5,510.0,482.88,5.6163,68169192.0,34530785007.46,2026-07-20 15:35:30,sina,2026-07-23T15:18:44
2026-07-20,A股,300750,宁德时代,stock,354.0,377.6,353.8,376.43,360.0,4.5639,44790768.0,16632779398.89,2026-07-20 15:35:30,sina,2026-07-23T15:18:44
2026-07-20,A股,600030,中信证券,stock,27.76,28.39,27.76,28.28,27.6,2.4638,190738400.0,5360957298.0,2026-07-20 15:34:59,sina,2026-07-23T15:18:44
2026-07-20,A股,600036,招商银行,stock,37.95,38.91,37.89,38.91,38.02,2.3409,143361015.0,5534176002.0,2026-07-20 15:34:59,sina,2026-07-23T15:18:44
2026-07-20,A股,600519,贵州茅台,stock,1270.0,1329.0,1266.0,1327.5,1253.0,5.9457,10615115.0,13898351084.0,2026-07-20 15:34:59,sina,2026-07-23T15:18:44
2026-07-20,A股,600941,中国移动,stock,93.4,96.08,93.4,95.8,93.4,2.5696,20161171.0,1925214028.0,2026-07-20 15:34:59,sina,2026-07-23T15:18:44
2026-07-20,A股,601138,工业富联,stock,58.88,59.69,55.04,56.5,57.59,-1.8927,147788546.0,8488593157.0,2026-07-20 15:34:59,sina,2026-07-23T15:18:44
2026-07-20,A股,601318,中国平安,stock,50.72,53.27,50.71,53.23,50.7,4.9901,175445104.0,9212523658.0,2026-07-20 15:34:59,sina,2026-07-23T15:18:44
2026-07-20,A股,601899,紫金矿业,stock,28.36,29.45,28.29,29.35,28.36,3.4908,275768250.0,7992030452.0,2026-07-20 15:34:59,sina,2026-07-23T15:18:44
2026-07-20,A股,603019,中科曙光,stock,90.86,95.96,88.88,91.04,87.89,3.584,95276529.0,8806066297.0,2026-07-20 15:34:59,sina,2026-07-23T15:18:44
2026-07-20,A股,603501,豪威集团,stock,106.0,106.99,97.99,101.16,104.12,-2.8429,43160962.0,4400081655.0,2026-07-20 15:34:59,sina,2026-07-23T15:18:44
2026-07-20,A股,688041,海光信息,stock,311.0,320.99,299.92,320.12,304.88,4.9987,36494316.0,11296798645.0,2026-07-20 15:34:59,sina,2026-07-23T15:18:44
2026-07-20,A股,688256,寒武纪,stock,1240.0,1278.53,1167.0,1209.0,1190.58,1.5471,16139997.0,19752324179.0,2026-07-20 15:34:59,sina,2026-07-23T15:18:44
2026-07-20,A股,688981,中芯国际,stock,145.0,147.47,138.11,144.0,139.88,2.9454,93942500.0,13464937827.0,2026-07-20 15:34:59,sina,2026-07-23T15:18:44
2026-07-20,美股,AAPL,Apple Inc.,stock,333.0249938964844,333.71,323.7,326.59,333.74,-2.1424,51014085.0,16660690020.15,2026-07-20T20:00:00+00:00,yahoo_chart,2026-07-20T22:46:26
2026-07-20,美股,AMAT,"Applied Materials, Inc.",stock,545.280029296875,554.8,522.96,525.7,529.66,-0.7476,6489103.0,3411321447.1,2026-07-20T20:00:01+00:00,yahoo_chart,2026-07-20T22:46:26
2026-07-20,美股,AMD,"Advanced Micro Devices, Inc.",stock,516.9949951171875,522.44,502.36,503.57,495.76,1.5754,23212955.0,11689347749.35,2026-07-20T20:00:01+00:00,yahoo_chart,2026-07-20T22:46:26
2026-07-20,美股,AMZN,"Amazon.com, Inc.",stock,248.75,252.89,248.12,249.99,247.23,1.1164,30630782.0,7657389192.18,2026-07-20T20:00:01+00:00,yahoo_chart,2026-07-20T22:46:26
2026-07-20,美股,ASML,ASML Holding N.V.,stock,1778.5899658203125,1798.34,1728.6,1739.02,1747.58,-0.4898,1603536.0,2788581174.72,2026-07-20T20:00:01+00:00,yahoo_chart,2026-07-20T22:46:26
2026-07-20,美股,AVGO,Broadcom Inc.,stock,378.0,383.59,375.96,378.16,370.825,1.978,14214613.0,5375398052.08,2026-07-20T20:00:01+00:00,yahoo_chart,2026-07-20T22:46:26
2026-07-20,美股,CRM,"Salesforce, Inc.",stock,167.86000061035156,175.38,166.495,173.79,170.77,1.7685,9398962.0,1633445605.98,2026-07-20T20:00:03+00:00,yahoo_chart,2026-07-20T22:46:26
2026-07-20,美股,GOOGL,Alphabet Inc.,stock,353.9700012207031,359.67,350.52,351.99,346.77,1.5053,24606836.0,8661360203.64,2026-07-20T20:00:01+00:00,yahoo_chart,2026-07-20T22:46:26
2026-07-20,美股,INTC,Intel Corporation,stock,97.77999877929688,100.98,96.92,97.06,95.04,2.1254,89273530.0,8664888821.8,2026-07-20T20:00:01+00:00,yahoo_chart,2026-07-20T22:46:26
2026-07-20,美股,KLAC,KLA Corporation,stock,217.4499969482422,220.79,206.92,207.6,212.75,-2.4207,8223684.0,1707236798.4,2026-07-20T20:00:00+00:00,yahoo_chart,2026-07-20T22:46:26
2026-07-20,美股,LRCX,Lam Research Corporation,stock,321.8299865722656,324.45,305.27,306.76,313.3,-2.0875,8059474.0,2472324244.24,2026-07-20T20:00:01+00:00,yahoo_chart,2026-07-20T22:46:26
2026-07-20,美股,META,"Meta Platforms, Inc.",stock,643.9099731445312,653.3,636.01,645.85,646.01,-0.0248,9924164.0,6409521319.4,2026-07-20T20:00:01+00:00,yahoo_chart,2026-07-20T22:46:26
2026-07-20,美股,MSFT,Microsoft Corporation,stock,390.0799865722656,403.18,389.67,402.29,393.82,2.1507,27729614.0,11155346416.06,2026-07-20T20:00:01+00:00,yahoo_chart,2026-07-20T22:46:26
2026-07-20,美股,MU,"Micron Technology, Inc.",stock,879.5,901.0,858.9,865.46,848.95,1.9448,37344218.0,32319926910.28,2026-07-20T20:00:01+00:00,yahoo_chart,2026-07-20T22:46:26
2026-07-20,美股,NVDA,NVIDIA Corporation,stock,205.97500610351562,207.74,202.28,203.28,202.81,0.2317,88271631.0,17943857149.68,2026-07-20T20:00:01+00:00,yahoo_chart,2026-07-20T22:46:26
2026-07-20,美股,ORCL,Oracle Corporation,stock,124.2699966430664,125.49,120.03,121.38,126.41,-3.9791,36384270.0,4416322692.6,2026-07-20T20:04:40+00:00,yahoo_chart,2026-07-20T22:46:26
2026-07-20,美股,PLTR,Palantir Technologies Inc.,stock,133.25,136.62,131.82,134.85,132.38,1.8658,30202806.0,4072848389.1,2026-07-20T20:00:01+00:00,yahoo_chart,2026-07-20T22:46:26
2026-07-20,美股,TSLA,"Tesla, Inc.",stock,384.1099853515625,386.49,369.425,369.57,380.84,-2.9592,32893543.0,12156466686.51,2026-07-20T20:00:00+00:00,yahoo_chart,2026-07-20T22:46:26
2026-07-20,美股,TSM,Taiwan Semiconductor Manufacturing Company Limited,stock,407.7049865722656,409.88,400.08,402.3,398.37,0.9865,10757296.0,4327660180.8,2026-07-20T20:00:02+00:00,yahoo_chart,2026-07-20T22:46:26
2026-07-21,美股,AAPL,Apple Inc.,stock,323.3450012207031,329.6,322.22,328.21,326.59,0.496,26268298.0,8621518086.58,2026-07-21T19:07:57+00:00,yahoo_chart,2026-07-21T19:08:01
2026-07-21,美股,AMAT,"Applied Materials, Inc.",stock,564.7050170898438,572.5,552.0,564.075,525.7,7.2998,4841391.0,2730907628.33,2026-07-21T19:07:56+00:00,yahoo_chart,2026-07-21T19:08:01
2026-07-21,美股,AMD,"Advanced Micro Devices, Inc.",stock,525.760009765625,548.14,522.6,541.8,503.57,7.5918,20428681.0,11068259365.8,2026-07-21T19:07:56+00:00,yahoo_chart,2026-07-21T19:08:01
2026-07-21,美股,AMZN,"Amazon.com, Inc.",stock,249.1219940185547,249.34,246.72,247.63,249.99,-0.944,16387221.0,4057967536.23,2026-07-21T19:07:53+00:00,yahoo_chart,2026-07-21T19:08:01
2026-07-21,美股,ASML,ASML Holding N.V.,stock,1800.81494140625,1823.88,1785.54,1803.65,1739.02,3.7165,1177652.0,2124072029.8,2026-07-21T19:07:56+00:00,yahoo_chart,2026-07-21T19:08:01
2026-07-21,美股,AVGO,Broadcom Inc.,stock,390.0199890136719,390.583,379.22,385.885,378.16,2.0428,9180234.0,3542514597.09,2026-07-21T19:07:53+00:00,yahoo_chart,2026-07-21T19:08:01
2026-07-21,美股,CRM,"Salesforce, Inc.",stock,167.05999755859375,172.425,166.93,170.46,173.79,-1.9161,5969678.0,1017591311.88,2026-07-21T19:07:57+00:00,yahoo_chart,2026-07-21T19:08:01
2026-07-21,美股,GOOGL,Alphabet Inc.,stock,350.8299865722656,351.14,347.59,349.23,351.99,-0.7841,13575214.0,4740871985.22,2026-07-21T19:07:56+00:00,yahoo_chart,2026-07-21T19:08:01
2026-07-21,美股,INTC,Intel Corporation,stock,103.2699966430664,105.655,101.22,104.815,97.06,7.9899,76163168.0,7983042453.92,2026-07-21T19:07:56+00:00,yahoo_chart,2026-07-21T19:08:01
2026-07-21,美股,KLAC,KLA Corporation,stock,220.88999938964844,220.89,214.23,217.37,207.6,4.7062,4492247.0,976479730.39,2026-07-21T19:07:56+00:00,yahoo_chart,2026-07-21T19:08:01
2026-07-21,美股,LRCX,Lam Research Corporation,stock,328.1300048828125,328.135,313.29,321.425,306.76,4.7806,7004023.0,2251268092.78,2026-07-21T19:07:54+00:00,yahoo_chart,2026-07-21T19:08:01
2026-07-21,美股,META,"Meta Platforms, Inc.",stock,654.1300048828125,655.88,643.2,648.03,645.85,0.3375,5058047.0,3277766197.41,2026-07-21T19:07:55+00:00,yahoo_chart,2026-07-21T19:08:01
2026-07-21,美股,MSFT,Microsoft Corporation,stock,398.80499267578125,401.47,396.32,398.705,402.29,-0.8911,15018528.0,5987962206.24,2026-07-21T19:07:57+00:00,yahoo_chart,2026-07-21T19:08:01
2026-07-21,美股,MU,"Micron Technology, Inc.",stock,925.3499755859375,982.88,916.57,968.57,865.46,11.9139,38049010.0,36853129615.7,2026-07-21T19:07:55+00:00,yahoo_chart,2026-07-21T19:08:01
2026-07-21,美股,NVDA,NVIDIA Corporation,stock,207.5399932861328,208.65,204.01,206.8,203.28,1.7316,74446455.0,15395526894.0,2026-07-21T19:07:54+00:00,yahoo_chart,2026-07-21T19:08:01
2026-07-21,美股,ORCL,Oracle Corporation,stock,122.80999755859375,127.25,122.21,126.28,121.38,4.0369,19940215.0,2518050350.2,2026-07-21T19:07:57+00:00,yahoo_chart,2026-07-21T19:08:01
2026-07-21,美股,PLTR,Palantir Technologies Inc.,stock,133.97500610351562,134.68,131.225,133.06,134.85,-1.3274,16476356.0,2192343929.36,2026-07-21T19:07:58+00:00,yahoo_chart,2026-07-21T19:08:01
2026-07-21,美股,TSLA,"Tesla, Inc.",stock,370.9800109863281,384.07,369.99,378.21,369.57,2.3379,23826242.0,9011322986.82,2026-07-21T19:07:58+00:00,yahoo_chart,2026-07-21T19:08:01
2026-07-21,美股,TSM,Taiwan Semiconductor Manufacturing Company Limited,stock,418.739990234375,425.34,413.56,424.58,402.3,5.5382,12878424.0,5467921261.92,2026-07-21T19:07:55+00:00,yahoo_chart,2026-07-21T19:08:01
2026-07-22,美股,AAPL,Apple Inc.,stock,327.875,329.0,323.34,326.235,327.74,-0.4592,26843438.0,8757268995.93,2026-07-22T19:59:49+00:00,yahoo_chart,2026-07-22T20:00:02
2026-07-22,美股,AMAT,"Applied Materials, Inc.",stock,550.0944213867188,563.342,543.31,554.11,564.55,-1.8493,2896214.0,1604821139.54,2026-07-22T19:59:49+00:00,yahoo_chart,2026-07-22T20:00:02
2026-07-22,美股,AMD,"Advanced Micro Devices, Inc.",stock,537.0,561.47,526.875,552.68,544.43,1.5153,21549084.0,11909747745.12,2026-07-22T19:59:49+00:00,yahoo_chart,2026-07-22T20:00:02
2026-07-22,美股,AMZN,"Amazon.com, Inc.",stock,248.1300048828125,248.45,242.45,244.87,247.55,-1.0826,24047944.0,5888620047.28,2026-07-22T19:59:49+00:00,yahoo_chart,2026-07-22T20:00:02
2026-07-22,美股,ASML,ASML Holding N.V.,stock,1767.47998046875,1817.2,1767.281,1803.145,1801.51,0.0908,894586.0,1613068272.97,2026-07-22T19:59:49+00:00,yahoo_chart,2026-07-22T20:00:02
2026-07-22,美股,AVGO,Broadcom Inc.,stock,380.5400085449219,398.585,380.0,397.06,386.5,2.7322,11418017.0,4533637830.02,2026-07-22T19:59:49+00:00,yahoo_chart,2026-07-22T20:00:02
2026-07-22,美股,CRM,"Salesforce, Inc.",stock,169.47000122070312,169.57,162.21,163.08,170.06,-4.1044,9817192.0,1600987671.36,2026-07-22T19:59:48+00:00,yahoo_chart,2026-07-22T20:00:02
2026-07-22,美股,GOOGL,Alphabet Inc.,stock,347.7449951171875,349.94,341.73,342.36,347.15,-1.3798,22204468.0,7601921664.48,2026-07-22T19:59:49+00:00,yahoo_chart,2026-07-22T20:00:02
2026-07-22,美股,INTC,Intel Corporation,stock,101.5999984741211,106.85,101.48,102.68,105.45,-2.6268,67016103.0,6881213456.04,2026-07-22T19:59:49+00:00,yahoo_chart,2026-07-22T20:00:02
2026-07-22,美股,KLAC,KLA Corporation,stock,210.42999267578125,218.37,210.274,214.79,217.56,-1.2732,5505559.0,1182539017.61,2026-07-22T19:59:50+00:00,yahoo_chart,2026-07-22T20:00:02
2026-07-22,美股,LRCX,Lam Research Corporation,stock,310.54998779296875,322.25,310.55,319.52,322.0,-0.7702,4145917.0,1324703399.84,2026-07-22T19:59:49+00:00,yahoo_chart,2026-07-22T20:00:02
2026-07-22,美股,META,"Meta Platforms, Inc.",stock,642.469970703125,648.998,624.0,627.34,643.81,-2.5582,8541095.0,5358170537.3,2026-07-22T19:59:49+00:00,yahoo_chart,2026-07-22T20:00:02
2026-07-22,美股,MSFT,Microsoft Corporation,stock,395.5799865722656,401.0,386.97,390.59,397.75,-1.8001,21010075.0,8206325194.25,2026-07-22T19:59:49+00:00,yahoo_chart,2026-07-22T20:00:02
2026-07-22,美股,MU,"Micron Technology, Inc.",stock,946.0,982.62,936.06,959.25,970.82,-1.1918,27658096.0,26531028588.0,2026-07-22T19:59:49+00:00,yahoo_chart,2026-07-22T20:00:02
2026-07-22,美股,NVDA,NVIDIA Corporation,stock,205.80499267578125,214.39,204.95,212.155,207.29,2.347,114583878.0,24309542637.09,2026-07-22T19:59:48+00:00,yahoo_chart,2026-07-22T20:00:02
2026-07-22,美股,ORCL,Oracle Corporation,stock,126.18000030517578,128.84,124.7,125.93,127.05,-0.8815,19034451.0,2397008414.43,2026-07-22T19:59:47+00:00,yahoo_chart,2026-07-22T20:00:02
2026-07-22,美股,PLTR,Palantir Technologies Inc.,stock,132.22000122070312,132.31,123.45,124.65,132.66,-6.038,32574064.0,4060357077.6,2026-07-22T19:59:50+00:00,yahoo_chart,2026-07-22T20:00:02
2026-07-22,美股,TSLA,"Tesla, Inc.",stock,377.635009765625,380.17,372.9,374.05,378.93,-1.2878,20476102.0,7659085953.1,2026-07-22T19:59:50+00:00,yahoo_chart,2026-07-22T20:00:02
2026-07-22,美股,TSM,Taiwan Semiconductor Manufacturing Company Limited,stock,414.9049987792969,424.81,414.218,421.11,424.61,-0.8243,8958102.0,3772346333.22,2026-07-22T19:59:48+00:00,yahoo_chart,2026-07-22T20:00:02
2026-07-23,美股,AAPL,Apple Inc.,stock,321.7300109863281,323.3,319.35,321.955,325.89,-1.2075,10931090.0,3519319080.95,2026-07-23T15:18:40+00:00,yahoo_chart,2026-07-23T15:18:44
2026-07-23,美股,AMAT,"Applied Materials, Inc.",stock,547.989990234375,576.49,547.39,563.87,553.92,1.7963,1965865.0,1108492297.55,2026-07-23T15:18:28+00:00,yahoo_chart,2026-07-23T15:18:44
2026-07-23,美股,AMD,"Advanced Micro Devices, Inc.",stock,544.739990234375,558.16,538.52,540.42,552.33,-2.1563,7756521.0,4191779078.82,2026-07-23T15:18:37+00:00,yahoo_chart,2026-07-23T15:18:44
2026-07-23,美股,AMZN,"Amazon.com, Inc.",stock,236.32000732421875,238.35,232.24,232.3,244.85,-5.1256,18059905.0,4195315931.5,2026-07-23T15:18:40+00:00,yahoo_chart,2026-07-23T15:18:44
2026-07-23,美股,ASML,ASML Holding N.V.,stock,1782.1199951171875,1823.575,1780.238,1798.28,1801.86,-0.1987,493674.0,887764080.72,2026-07-23T15:18:30+00:00,yahoo_chart,2026-07-23T15:18:44
2026-07-23,美股,AVGO,Broadcom Inc.,stock,392.19000244140625,397.6,388.23,389.37,396.81,-1.875,4525496.0,1762092377.52,2026-07-23T15:18:37+00:00,yahoo_chart,2026-07-23T15:18:44
2026-07-23,美股,CRM,"Salesforce, Inc.",stock,163.5050048828125,165.86,155.145,155.56,163.0,-4.5644,4302492.0,669295655.52,2026-07-23T15:18:40+00:00,yahoo_chart,2026-07-23T15:18:44
2026-07-23,美股,GOOGL,Alphabet Inc.,stock,321.1300048828125,324.49,314.91,315.845,342.09,-7.672,33787647.0,10671659366.72,2026-07-23T15:18:40+00:00,yahoo_chart,2026-07-23T15:18:44
2026-07-23,美股,INTC,Intel Corporation,stock,100.99500274658203,104.18,100.1,100.64,102.62,-1.9294,33080926.0,3329264392.64,2026-07-23T15:18:39+00:00,yahoo_chart,2026-07-23T15:18:44
2026-07-23,美股,KLAC,KLA Corporation,stock,213.35000610351562,218.14,212.86,214.91,214.69,0.1025,1837423.0,394880576.93,2026-07-23T15:18:40+00:00,yahoo_chart,2026-07-23T15:18:44
2026-07-23,美股,LRCX,Lam Research Corporation,stock,314.93499755859375,325.88,314.35,319.5,319.29,0.0658,1759067.0,562021906.5,2026-07-23T15:18:37+00:00,yahoo_chart,2026-07-23T15:18:44
2026-07-23,美股,META,"Meta Platforms, Inc.",stock,608.4099731445312,614.635,598.19,600.66,627.17,-4.2269,5008263.0,3008263253.58,2026-07-23T15:18:40+00:00,yahoo_chart,2026-07-23T15:18:44
2026-07-23,美股,MSFT,Microsoft Corporation,stock,389.9649963378906,391.78,377.4,378.7,390.34,-2.982,11393711.0,4314798355.7,2026-07-23T15:18:40+00:00,yahoo_chart,2026-07-23T15:18:44
2026-07-23,美股,MU,"Micron Technology, Inc.",stock,975.22998046875,1001.425,964.4,987.18,959.48,2.887,16945971.0,16728723651.78,2026-07-23T15:18:38+00:00,yahoo_chart,2026-07-23T15:18:44
2026-07-23,美股,NVDA,NVIDIA Corporation,stock,209.39500427246094,210.869,206.49,206.98,212.06,-2.3955,36721168.0,7600547352.64,2026-07-23T15:18:37+00:00,yahoo_chart,2026-07-23T15:18:44
2026-07-23,美股,ORCL,Oracle Corporation,stock,123.95999908447266,124.7,119.8,120.15,125.84,-4.5216,10427539.0,1252868810.85,2026-07-23T15:18:41+00:00,yahoo_chart,2026-07-23T15:18:44
2026-07-23,美股,PLTR,Palantir Technologies Inc.,stock,125.93499755859375,126.39,120.73,121.15,124.57,-2.7454,11108215.0,1345760247.25,2026-07-23T15:18:41+00:00,yahoo_chart,2026-07-23T15:18:44
2026-07-23,美股,TSLA,"Tesla, Inc.",stock,341.0,341.86,321.38,321.42,374.01,-14.0611,49920359.0,16045401789.78,2026-07-23T15:18:41+00:00,yahoo_chart,2026-07-23T15:18:44
2026-07-23,美股,TSM,Taiwan Semiconductor Manufacturing Company Limited,stock,415.8399963378906,420.84,412.51,414.515,421.21,-1.5895,3189197.0,1321969994.45,2026-07-23T15:18:34+00:00,yahoo_chart,2026-07-23T15:18:44
